﻿<?xml version="1.0" encoding="utf-8"?>
<abapGit version="v1.0.0" serializer="LCL_OBJECT_CLAS" serializer_version="v1.0.0">
 <asx:abap xmlns:asx="http://www.sap.com/abapxml" version="1.0">
  <asx:values>
   <VSEOCLASS>
    <CLSNAME>ZCL_001_MYLYN_HTTP_HANDLER</CLSNAME>
    <VERSION>1</VERSION>
    <LANGU>D</LANGU>
    <DESCRIPT>HTTP-Handler</DESCRIPT>
    <EXPOSURE>2</EXPOSURE>
    <STATE>1</STATE>
    <CLSFINAL>X</CLSFINAL>
    <CLSCCINCL>X</CLSCCINCL>
    <FIXPT>X</FIXPT>
    <UNICODE>X</UNICODE>
   </VSEOCLASS>
   <TPOOL/>
   <DESCRIPTIONS>
    <SEOCOMPOTX>
     <CLSNAME>ZCL_001_MYLYN_HTTP_HANDLER</CLSNAME>
     <CMPNAME>BUILD_ERROR_MESSAGE</CMPNAME>
     <LANGU>D</LANGU>
     <DESCRIPT>Erstellt einen Fehlermeldung für den Respond</DESCRIPT>
    </SEOCOMPOTX>
    <SEOCOMPOTX>
     <CLSNAME>ZCL_001_MYLYN_HTTP_HANDLER</CLSNAME>
     <CMPNAME>BUILD_SERVICE_HANDLER</CMPNAME>
     <LANGU>D</LANGU>
     <DESCRIPT>Erstellt aufgrund der aufgerufenen URL den Service-Handler</DESCRIPT>
    </SEOCOMPOTX>
    <SEOCOMPOTX>
     <CLSNAME>ZCL_001_MYLYN_HTTP_HANDLER</CLSNAME>
     <CMPNAME>RUN_SERVICE</CMPNAME>
     <LANGU>D</LANGU>
     <DESCRIPT>Führt den Service-Handler aus</DESCRIPT>
    </SEOCOMPOTX>
   </DESCRIPTIONS>
  </asx:values>
 </asx:abap>
</abapGit>
