﻿<?xml version="1.0" encoding="utf-8"?>
<abapGit version="v1.0.0" serializer="LCL_OBJECT_CLAS" serializer_version="v1.0.0">
 <asx:abap xmlns:asx="http://www.sap.com/abapxml" version="1.0">
  <asx:values>
   <VSEOCLASS>
    <CLSNAME>ZCL_001_MYLYN_SERVICE</CLSNAME>
    <VERSION>1</VERSION>
    <LANGU>D</LANGU>
    <DESCRIPT>Mylyn Service</DESCRIPT>
    <EXPOSURE>2</EXPOSURE>
    <STATE>1</STATE>
    <CLSABSTRCT>X</CLSABSTRCT>
    <CLSCCINCL>X</CLSCCINCL>
    <FIXPT>X</FIXPT>
    <UNICODE>X</UNICODE>
   </VSEOCLASS>
   <TPOOL/>
   <DESCRIPTIONS>
    <SEOCOMPOTX>
     <CLSNAME>ZCL_001_MYLYN_SERVICE</CLSNAME>
     <CMPNAME>CONSTRUCTOR</CMPNAME>
     <LANGU>D</LANGU>
     <DESCRIPT>Konstruktur</DESCRIPT>
    </SEOCOMPOTX>
    <SEOCOMPOTX>
     <CLSNAME>ZCL_001_MYLYN_SERVICE</CLSNAME>
     <CMPNAME>GET_PARAMETER_VALUE</CMPNAME>
     <LANGU>D</LANGU>
     <DESCRIPT>Liest einen Query-Parameter aus</DESCRIPT>
    </SEOCOMPOTX>
    <SEOCOMPOTX>
     <CLSNAME>ZCL_001_MYLYN_SERVICE</CLSNAME>
     <CMPNAME>MO_HTTP_SERVER</CMPNAME>
     <LANGU>D</LANGU>
     <DESCRIPT>HTTP Framework (iHTTP) HTTP Server</DESCRIPT>
    </SEOCOMPOTX>
    <SEOCOMPOTX>
     <CLSNAME>ZCL_001_MYLYN_SERVICE</CLSNAME>
     <CMPNAME>MT_PARAMETER</CMPNAME>
     <LANGU>D</LANGU>
     <DESCRIPT>Query-Parameter</DESCRIPT>
    </SEOCOMPOTX>
    <SEOCOMPOTX>
     <CLSNAME>ZCL_001_MYLYN_SERVICE</CLSNAME>
     <CMPNAME>PARSE_PARAMETERS</CMPNAME>
     <LANGU>D</LANGU>
     <DESCRIPT>Speichert die Query-Parameter in eine interne Tabelle</DESCRIPT>
    </SEOCOMPOTX>
   </DESCRIPTIONS>
  </asx:values>
 </asx:abap>
</abapGit>
