﻿<?xml version="1.0" encoding="utf-8"?>
<abapGit version="v1.0.0" serializer="LCL_OBJECT_CLAS" serializer_version="v1.0.0">
 <asx:abap xmlns:asx="http://www.sap.com/abapxml" version="1.0">
  <asx:values>
   <VSEOCLASS>
    <CLSNAME>ZCL_001_MYLYN_SERVICE_ATTACHME</CLSNAME>
    <VERSION>1</VERSION>
    <LANGU>D</LANGU>
    <DESCRIPT>Mylyn Attachment Service</DESCRIPT>
    <EXPOSURE>2</EXPOSURE>
    <STATE>1</STATE>
    <CLSFINAL>X</CLSFINAL>
    <CLSCCINCL>X</CLSCCINCL>
    <FIXPT>X</FIXPT>
    <UNICODE>X</UNICODE>
   </VSEOCLASS>
   <TPOOL/>
   <DESCRIPTIONS>
    <SEOCOMPOTX>
     <CLSNAME>ZCL_001_MYLYN_SERVICE_ATTACHME</CLSNAME>
     <CMPNAME>C_ATTACHMENT_FILE</CMPNAME>
     <LANGU>D</LANGU>
     <DESCRIPT>Instanzident. in BOR kompat. Persistenten Objektreferenzen</DESCRIPT>
    </SEOCOMPOTX>
    <SEOCOMPOTX>
     <CLSNAME>ZCL_001_MYLYN_SERVICE_ATTACHME</CLSNAME>
     <CMPNAME>C_ATTACHMENT_URL</CMPNAME>
     <LANGU>D</LANGU>
     <DESCRIPT>Instanzident. in BOR kompat. Persistenten Objektreferenzen</DESCRIPT>
    </SEOCOMPOTX>
    <SEOCOMPOTX>
     <CLSNAME>ZCL_001_MYLYN_SERVICE_ATTACHME</CLSNAME>
     <CMPNAME>READ_ATTACHMENT</CMPNAME>
     <LANGU>D</LANGU>
     <DESCRIPT>Liest einen Anhang aus</DESCRIPT>
    </SEOCOMPOTX>
    <SEOCOMPOTX>
     <CLSNAME>ZCL_001_MYLYN_SERVICE_ATTACHME</CLSNAME>
     <CMPNAME>READ_ATTACHMENT_META</CMPNAME>
     <LANGU>D</LANGU>
     <DESCRIPT>Liest die Metadaten eines Anhangs aus</DESCRIPT>
    </SEOCOMPOTX>
   </DESCRIPTIONS>
  </asx:values>
 </asx:abap>
</abapGit>
