﻿<?xml version="1.0" encoding="utf-8"?>
<abapGit version="v1.0.0" serializer="LCL_OBJECT_CLAS" serializer_version="v1.0.0">
 <asx:abap xmlns:asx="http://www.sap.com/abapxml" version="1.0">
  <asx:values>
   <VSEOCLASS>
    <CLSNAME>ZCX_001_MYLYN_EXCEPTION</CLSNAME>
    <VERSION>1</VERSION>
    <LANGU>D</LANGU>
    <DESCRIPT>Mylyn Exception</DESCRIPT>
    <CATEGORY>40</CATEGORY>
    <EXPOSURE>2</EXPOSURE>
    <STATE>1</STATE>
    <CLSCCINCL>X</CLSCCINCL>
    <FIXPT>X</FIXPT>
    <UNICODE>X</UNICODE>
    <MSG_ID>Z001_CHARM_MYLYN_API</MSG_ID>
   </VSEOCLASS>
   <TPOOL/>
   <DESCRIPTIONS>
    <SEOCOMPOTX>
     <CLSNAME>ZCX_001_MYLYN_EXCEPTION</CLSNAME>
     <CMPNAME>ACTION</CMPNAME>
     <LANGU>D</LANGU>
     <DESCRIPT>PPF: Name der Aktionsdefinition</DESCRIPT>
    </SEOCOMPOTX>
    <SEOCOMPOTX>
     <CLSNAME>ZCX_001_MYLYN_EXCEPTION</CLSNAME>
     <CMPNAME>CONSTRUCTOR</CMPNAME>
     <LANGU>D</LANGU>
     <DESCRIPT>CONSTRUCTOR</DESCRIPT>
    </SEOCOMPOTX>
    <SEOCOMPOTX>
     <CLSNAME>ZCX_001_MYLYN_EXCEPTION</CLSNAME>
     <CMPNAME>HTTP_STATUS</CMPNAME>
     <LANGU>D</LANGU>
     <DESCRIPT>Natürliche Zahl</DESCRIPT>
    </SEOCOMPOTX>
    <SEOCOMPOTX>
     <CLSNAME>ZCX_001_MYLYN_EXCEPTION</CLSNAME>
     <CMPNAME>TEXT</CMPNAME>
     <LANGU>D</LANGU>
     <DESCRIPT>char255</DESCRIPT>
    </SEOCOMPOTX>
   </DESCRIPTIONS>
  </asx:values>
 </asx:abap>
</abapGit>
