﻿<?xml version="1.0" encoding="utf-8"?>
<abapGit version="v1.0.0" serializer="LCL_OBJECT_DTEL" serializer_version="v1.0.0">
 <asx:abap xmlns:asx="http://www.sap.com/abapxml" version="1.0">
  <asx:values>
   <DD04V>
    <ROLLNAME>ZD_001_XML_DATETIME</ROLLNAME>
    <DDLANGUAGE>D</DDLANGUAGE>
    <DOMNAME>CHAR19</DOMNAME>
    <HEADLEN>19</HEADLEN>
    <SCRLEN1>10</SCRLEN1>
    <SCRLEN2>15</SCRLEN2>
    <SCRLEN3>20</SCRLEN3>
    <DDTEXT>XML DateTime</DDTEXT>
    <REPTEXT>XML DateTime</REPTEXT>
    <SCRTEXT_S>DateTime</SCRTEXT_S>
    <SCRTEXT_M>XML DateTime</SCRTEXT_M>
    <SCRTEXT_L>XML DateTime</SCRTEXT_L>
    <DTELMASTER>D</DTELMASTER>
    <REFKIND>D</REFKIND>
   </DD04V>
   <TPARA/>
  </asx:values>
 </asx:abap>
</abapGit>
