﻿<?xml version="1.0" encoding="utf-8"?>
<abapGit version="v1.0.0" serializer="LCL_OBJECT_DTEL" serializer_version="v1.0.0">
 <asx:abap xmlns:asx="http://www.sap.com/abapxml" version="1.0">
  <asx:values>
   <DD04V>
    <ROLLNAME>ZD_001_ATTACHMENT_GUID</ROLLNAME>
    <DDLANGUAGE>D</DDLANGUAGE>
    <DOMNAME>SYSUUID_C32</DOMNAME>
    <HEADLEN>16</HEADLEN>
    <SCRLEN1>10</SCRLEN1>
    <SCRLEN2>15</SCRLEN2>
    <SCRLEN3>20</SCRLEN3>
    <DDTEXT>Anhang GUID</DDTEXT>
    <REPTEXT>Anhang GUID</REPTEXT>
    <SCRTEXT_S>Anhang GUI</SCRTEXT_S>
    <SCRTEXT_M>Anhang GUID</SCRTEXT_M>
    <SCRTEXT_L>Anhang GUID</SCRTEXT_L>
    <DTELMASTER>D</DTELMASTER>
    <REFKIND>D</REFKIND>
   </DD04V>
   <TPARA/>
  </asx:values>
 </asx:abap>
</abapGit>
