﻿<?xml version="1.0" encoding="utf-8"?>
<abapGit version="v1.0.0" serializer="LCL_OBJECT_DTEL" serializer_version="v1.0.0">
 <asx:abap xmlns:asx="http://www.sap.com/abapxml" version="1.0">
  <asx:values>
   <DD04V>
    <ROLLNAME>ZE_001_QUERY_PARAMETER_VALUE</ROLLNAME>
    <DDLANGUAGE>D</DDLANGUAGE>
    <HEADLEN>04</HEADLEN>
    <SCRLEN1>10</SCRLEN1>
    <SCRLEN2>15</SCRLEN2>
    <SCRLEN3>20</SCRLEN3>
    <DDTEXT>Wert eines Query-Parameters</DDTEXT>
    <REPTEXT>Wert</REPTEXT>
    <SCRTEXT_S>Wert</SCRTEXT_S>
    <SCRTEXT_M>Wert</SCRTEXT_M>
    <SCRTEXT_L>Wert</SCRTEXT_L>
    <DTELMASTER>D</DTELMASTER>
    <DATATYPE>STRG</DATATYPE>
   </DD04V>
   <TPARA/>
  </asx:values>
 </asx:abap>
</abapGit>
