﻿<?xml version="1.0" encoding="utf-8"?>
<abapGit version="v1.0.0" serializer="LCL_OBJECT_TABL" serializer_version="v1.0.0">
 <asx:abap xmlns:asx="http://www.sap.com/abapxml" version="1.0">
  <asx:values>
   <DD02V>
    <TABNAME>ZS001_ATTACHMENT_META</TABNAME>
    <DDLANGUAGE>D</DDLANGUAGE>
    <TABCLASS>INTTAB</TABCLASS>
    <DDTEXT>Anhänge Metadaten</DDTEXT>
   </DD02V>
   <DD03P_TABLE>
    <DD03P>
     <TABNAME>ZS001_ATTACHMENT_META</TABNAME>
     <FIELDNAME>ID</FIELDNAME>
     <POSITION>0001</POSITION>
     <ROLLNAME>ZD_001_ATTACHMENT_GUID</ROLLNAME>
     <ADMINFIELD>0</ADMINFIELD>
     <COMPTYPE>E</COMPTYPE>
    </DD03P>
    <DD03P>
     <TABNAME>ZS001_ATTACHMENT_META</TABNAME>
     <FIELDNAME>FILE_NAME</FIELDNAME>
     <POSITION>0002</POSITION>
     <ROLLNAME>SDOK_FILNM</ROLLNAME>
     <ADMINFIELD>0</ADMINFIELD>
     <COMPTYPE>E</COMPTYPE>
    </DD03P>
    <DD03P>
     <TABNAME>ZS001_ATTACHMENT_META</TABNAME>
     <FIELDNAME>DESCRIPTION</FIELDNAME>
     <POSITION>0003</POSITION>
     <ROLLNAME>ATTDESC</ROLLNAME>
     <ADMINFIELD>0</ADMINFIELD>
     <COMPTYPE>E</COMPTYPE>
    </DD03P>
    <DD03P>
     <TABNAME>ZS001_ATTACHMENT_META</TABNAME>
     <FIELDNAME>LENGTH</FIELDNAME>
     <POSITION>0004</POSITION>
     <ROLLNAME>SDOK_FSIZE</ROLLNAME>
     <ADMINFIELD>0</ADMINFIELD>
     <COMPTYPE>E</COMPTYPE>
    </DD03P>
    <DD03P>
     <TABNAME>ZS001_ATTACHMENT_META</TABNAME>
     <FIELDNAME>MIME_TYPE</FIELDNAME>
     <POSITION>0005</POSITION>
     <ROLLNAME>W3CONTTYPE</ROLLNAME>
     <ADMINFIELD>0</ADMINFIELD>
     <COMPTYPE>E</COMPTYPE>
    </DD03P>
    <DD03P>
     <TABNAME>ZS001_ATTACHMENT_META</TABNAME>
     <FIELDNAME>AUTHOR</FIELDNAME>
     <POSITION>0006</POSITION>
     <ROLLNAME>SDOK_PROPV</ROLLNAME>
     <ADMINFIELD>0</ADMINFIELD>
     <COMPTYPE>E</COMPTYPE>
    </DD03P>
    <DD03P>
     <TABNAME>ZS001_ATTACHMENT_META</TABNAME>
     <FIELDNAME>CREATION_DATE</FIELDNAME>
     <POSITION>0007</POSITION>
     <ROLLNAME>ZD_001_XML_DATETIME</ROLLNAME>
     <ADMINFIELD>0</ADMINFIELD>
     <COMPTYPE>E</COMPTYPE>
    </DD03P>
   </DD03P_TABLE>
   <DD05M_TABLE/>
   <DD08V_TABLE/>
   <DD12V/>
   <DD17V/>
   <DD35V_TALE/>
   <DD36M/>
  </asx:values>
 </asx:abap>
</abapGit>
