﻿<?xml version="1.0" encoding="utf-8"?>
<abapGit version="v1.0.0" serializer="LCL_OBJECT_TABL" serializer_version="v1.0.0">
 <asx:abap xmlns:asx="http://www.sap.com/abapxml" version="1.0">
  <asx:values>
   <DD02V>
    <TABNAME>ZS001_COMMENT</TABNAME>
    <DDLANGUAGE>D</DDLANGUAGE>
    <TABCLASS>INTTAB</TABCLASS>
    <DDTEXT>Kommentar</DDTEXT>
   </DD02V>
   <DD03P_TABLE>
    <DD03P>
     <TABNAME>ZS001_COMMENT</TABNAME>
     <FIELDNAME>AUTHOR</FIELDNAME>
     <POSITION>0001</POSITION>
     <ROLLNAME>BU_NAME1TX</ROLLNAME>
     <ADMINFIELD>0</ADMINFIELD>
     <COMPTYPE>E</COMPTYPE>
    </DD03P>
    <DD03P>
     <TABNAME>ZS001_COMMENT</TABNAME>
     <FIELDNAME>CREATION_DATE</FIELDNAME>
     <POSITION>0002</POSITION>
     <ROLLNAME>ZD_001_XML_DATETIME</ROLLNAME>
     <ADMINFIELD>0</ADMINFIELD>
     <COMPTYPE>E</COMPTYPE>
    </DD03P>
    <DD03P>
     <TABNAME>ZS001_COMMENT</TABNAME>
     <FIELDNAME>COMMENTS</FIELDNAME>
     <POSITION>0003</POSITION>
     <ROLLNAME>ZTT_001_COMMENT_LINE</ROLLNAME>
     <ADMINFIELD>0</ADMINFIELD>
     <DATATYPE>TTYP</DATATYPE>
     <MASK>  TTYPL</MASK>
     <COMPTYPE>L</COMPTYPE>
    </DD03P>
   </DD03P_TABLE>
   <DD05M_TABLE/>
   <DD08V_TABLE/>
   <DD12V/>
   <DD17V/>
   <DD35V_TALE/>
   <DD36M/>
  </asx:values>
 </asx:abap>
</abapGit>
