﻿<?xml version="1.0" encoding="utf-8"?>
<abapGit version="v1.0.0" serializer="LCL_OBJECT_TABL" serializer_version="v1.0.0">
 <asx:abap xmlns:asx="http://www.sap.com/abapxml" version="1.0">
  <asx:values>
   <DD02V>
    <TABNAME>ZS001_CHARM_PROCESS</TABNAME>
    <DDLANGUAGE>D</DDLANGUAGE>
    <TABCLASS>INTTAB</TABCLASS>
    <DDTEXT>Charm Vorgang</DDTEXT>
   </DD02V>
   <DD03P_TABLE>
    <DD03P>
     <TABNAME>ZS001_CHARM_PROCESS</TABNAME>
     <FIELDNAME>GUID</FIELDNAME>
     <POSITION>0001</POSITION>
     <ROLLNAME>SYSUUID_C</ROLLNAME>
     <ADMINFIELD>0</ADMINFIELD>
     <COMPTYPE>E</COMPTYPE>
    </DD03P>
    <DD03P>
     <TABNAME>ZS001_CHARM_PROCESS</TABNAME>
     <FIELDNAME>ID</FIELDNAME>
     <POSITION>0002</POSITION>
     <ROLLNAME>CRMT_OBJECT_ID</ROLLNAME>
     <ADMINFIELD>0</ADMINFIELD>
     <SHLPORIGIN>D</SHLPORIGIN>
     <COMPTYPE>E</COMPTYPE>
    </DD03P>
    <DD03P>
     <TABNAME>ZS001_CHARM_PROCESS</TABNAME>
     <FIELDNAME>DESCRIPTION</FIELDNAME>
     <POSITION>0003</POSITION>
     <ROLLNAME>CRMT_PROCESS_DESCRIPTION</ROLLNAME>
     <ADMINFIELD>0</ADMINFIELD>
     <COMPTYPE>E</COMPTYPE>
    </DD03P>
    <DD03P>
     <TABNAME>ZS001_CHARM_PROCESS</TABNAME>
     <FIELDNAME>CREATED_AT</FIELDNAME>
     <POSITION>0004</POSITION>
     <ROLLNAME>ZD_001_XML_DATETIME</ROLLNAME>
     <ADMINFIELD>0</ADMINFIELD>
     <COMPTYPE>E</COMPTYPE>
    </DD03P>
    <DD03P>
     <TABNAME>ZS001_CHARM_PROCESS</TABNAME>
     <FIELDNAME>CHANGED_AT</FIELDNAME>
     <POSITION>0005</POSITION>
     <ROLLNAME>ZD_001_XML_DATETIME</ROLLNAME>
     <ADMINFIELD>0</ADMINFIELD>
     <COMPTYPE>E</COMPTYPE>
    </DD03P>
    <DD03P>
     <TABNAME>ZS001_CHARM_PROCESS</TABNAME>
     <FIELDNAME>CREATED_BY</FIELDNAME>
     <POSITION>0006</POSITION>
     <ROLLNAME>CRMT_CREATED_BY</ROLLNAME>
     <ADMINFIELD>0</ADMINFIELD>
     <SHLPORIGIN>D</SHLPORIGIN>
     <COMPTYPE>E</COMPTYPE>
    </DD03P>
    <DD03P>
     <TABNAME>ZS001_CHARM_PROCESS</TABNAME>
     <FIELDNAME>PROC_TYPE</FIELDNAME>
     <POSITION>0007</POSITION>
     <ROLLNAME>CRMT_DESCRIPTION_20</ROLLNAME>
     <ADMINFIELD>0</ADMINFIELD>
     <COMPTYPE>E</COMPTYPE>
    </DD03P>
    <DD03P>
     <TABNAME>ZS001_CHARM_PROCESS</TABNAME>
     <FIELDNAME>PRIORITY</FIELDNAME>
     <POSITION>0008</POSITION>
     <ROLLNAME>SC_PRIOIND</ROLLNAME>
     <ADMINFIELD>0</ADMINFIELD>
     <COMPTYPE>E</COMPTYPE>
    </DD03P>
    <DD03P>
     <TABNAME>ZS001_CHARM_PROCESS</TABNAME>
     <FIELDNAME>STATUS</FIELDNAME>
     <POSITION>0009</POSITION>
     <ROLLNAME>PPFDTTT</ROLLNAME>
     <ADMINFIELD>0</ADMINFIELD>
     <COMPTYPE>E</COMPTYPE>
    </DD03P>
    <DD03P>
     <TABNAME>ZS001_CHARM_PROCESS</TABNAME>
     <FIELDNAME>STATUS_KEY</FIELDNAME>
     <POSITION>0010</POSITION>
     <ROLLNAME>PPFDTT</ROLLNAME>
     <ADMINFIELD>0</ADMINFIELD>
     <COMPTYPE>E</COMPTYPE>
    </DD03P>
    <DD03P>
     <TABNAME>ZS001_CHARM_PROCESS</TABNAME>
     <FIELDNAME>URL</FIELDNAME>
     <POSITION>0011</POSITION>
     <ROLLNAME>/ASU/URL</ROLLNAME>
     <ADMINFIELD>0</ADMINFIELD>
     <COMPTYPE>E</COMPTYPE>
    </DD03P>
    <DD03P>
     <TABNAME>ZS001_CHARM_PROCESS</TABNAME>
     <FIELDNAME>DEV_PLAN</FIELDNAME>
     <POSITION>0012</POSITION>
     <ROLLNAME>ZDEVPLAN</ROLLNAME>
     <ADMINFIELD>0</ADMINFIELD>
     <COMPTYPE>E</COMPTYPE>
    </DD03P>
    <DD03P>
     <TABNAME>ZS001_CHARM_PROCESS</TABNAME>
     <FIELDNAME>DEV_ETC</FIELDNAME>
     <POSITION>0013</POSITION>
     <ROLLNAME>ZDEVETC</ROLLNAME>
     <ADMINFIELD>0</ADMINFIELD>
     <COMPTYPE>E</COMPTYPE>
    </DD03P>
    <DD03P>
     <TABNAME>ZS001_CHARM_PROCESS</TABNAME>
     <FIELDNAME>PARTNERS</FIELDNAME>
     <POSITION>0014</POSITION>
     <ROLLNAME>ZTT_001_PARTNER</ROLLNAME>
     <ADMINFIELD>0</ADMINFIELD>
     <DATATYPE>TTYP</DATATYPE>
     <MASK>  TTYPL</MASK>
     <COMPTYPE>L</COMPTYPE>
    </DD03P>
    <DD03P>
     <TABNAME>ZS001_CHARM_PROCESS</TABNAME>
     <FIELDNAME>COMMENTS</FIELDNAME>
     <POSITION>0015</POSITION>
     <ROLLNAME>ZTT_001_COMMENT</ROLLNAME>
     <ADMINFIELD>0</ADMINFIELD>
     <DATATYPE>TTYP</DATATYPE>
     <MASK>  TTYPL</MASK>
     <COMPTYPE>L</COMPTYPE>
    </DD03P>
    <DD03P>
     <TABNAME>ZS001_CHARM_PROCESS</TABNAME>
     <FIELDNAME>POSSIBLE_STATUS</FIELDNAME>
     <POSITION>0016</POSITION>
     <ROLLNAME>ZTT_001_STATUS</ROLLNAME>
     <ADMINFIELD>0</ADMINFIELD>
     <DATATYPE>TTYP</DATATYPE>
     <MASK>  TTYPL</MASK>
     <COMPTYPE>L</COMPTYPE>
    </DD03P>
    <DD03P>
     <TABNAME>ZS001_CHARM_PROCESS</TABNAME>
     <FIELDNAME>ATTACHMENTS</FIELDNAME>
     <POSITION>0017</POSITION>
     <ROLLNAME>ZTT_001_ATTACHMENT</ROLLNAME>
     <ADMINFIELD>0</ADMINFIELD>
     <DATATYPE>TTYP</DATATYPE>
     <MASK>  TTYPL</MASK>
     <COMPTYPE>L</COMPTYPE>
    </DD03P>
   </DD03P_TABLE>
   <DD05M_TABLE/>
   <DD08V_TABLE/>
   <DD12V/>
   <DD17V/>
   <DD35V_TALE/>
   <DD36M/>
  </asx:values>
 </asx:abap>
</abapGit>
