﻿<?xml version="1.0" encoding="utf-8"?>
<abapGit version="v1.0.0" serializer="LCL_OBJECT_TTYP" serializer_version="v1.0.0">
 <asx:abap xmlns:asx="http://www.sap.com/abapxml" version="1.0">
  <asx:values>
   <DD40V>
    <TYPENAME>ZTT001_QUERY_PARAMETER</TYPENAME>
    <DDLANGUAGE>D</DDLANGUAGE>
    <ROWTYPE>ZS001_QUERY_PARAMETER</ROWTYPE>
    <ROWKIND>S</ROWKIND>
    <DATATYPE>STRU</DATATYPE>
    <ACCESSMODE>H</ACCESSMODE>
    <KEYDEF>K</KEYDEF>
    <KEYKIND>U</KEYKIND>
    <KEYFDCOUNT>0001</KEYFDCOUNT>
    <DDTEXT>Query-Parameter</DDTEXT>
   </DD40V>
   <DD42V>
    <DD42V>
     <TYPENAME>ZTT001_QUERY_PARAMETER</TYPENAME>
     <KEYFDPOS>0001</KEYFDPOS>
     <ROWTYPEPOS>0001</ROWTYPEPOS>
     <KEYFIELD>NAME</KEYFIELD>
    </DD42V>
   </DD42V>
   <DD43V/>
  </asx:values>
 </asx:abap>
</abapGit>
